Node 1,Node 2,Distance,Fatigue
0,12,92,8
0,23,740,1
0,56,1000,4
0,67,51,1
1,0,693,5
1,1,118,1
1,34,141,10
1,56,915,7
1,78,750,1
1,89,350,2
1,2,409,7
1,3,394,7
12,23,712,0
12,56,933,9
12,89,625,6
23,56,64,4
23,78,889,10
23,4,978,10
34,23,744,3
34,67,846,8
34,2,956,2
34,4,507,2
34,5,503,5
34,6,993,4
45,0,228,8
45,12,240,1
45,23,820,9
45,34,877,7
45,45,121,7
45,67,413,6
45,78,562,0
56,0,349,5
56,34,785,9
56,67,463,1
56,78,674,3
56,89,363,10
56,3,534,5
56,5,168,7
56,6,734,6
56,7,625,3
56,8,952,6
67,0,844,3
67,12,424,0
67,67,674,9
67,89,510,0
67,3,957,6
67,8,592,2
78,0,396,10
78,34,623,3
78,45,986,5
78,67,136,2
78,78,716,8
78,89,718,8
78,6,639,4
78,9,727,10
89,0,555,10
89,1,118,5
89,2,13,8
89,3,390,2
89,4,57,3
89,5,804,2
89,8,63,4
89,9,554,0
89,10,463,1
2,12,662,8
2,23,523,4
2,45,390,6
2,56,807,10
2,67,565,0
2,78,257,3
3,1,181,10
3,12,985,2
3,34,41,6
3,45,270,2
3,56,866,4
3,67,477,2
3,78,950,5
3,5,808,9
3,7,724,5
3,13,556,8
3,14,357,3
4,34,300,3
4,67,574,10
4,78,684,5
4,89,926,10
4,6,937,1
4,7,553,4
4,8,529,5
4,13,667,3
4,14,84,1
4,15,979,8
5,45,644,3
5,67,106,3
5,7,470,5
5,8,75,0
5,9,257,8
5,10,841,3
5,13,461,10
5,14,323,0
5,15,121,8
5,16,737,9
6,34,763,9
6,45,868,1
6,56,514,1
6,67,702,4
6,89,948,7
6,2,841,10
6,3,160,8
6,4,764,6
6,7,649,2
6,8,908,10
6,9,972,0
6,13,5,9
6,17,766,5
7,45,927,10
7,67,188,3
7,89,117,2
7,4,769,8
7,5,562,1
7,6,68,4
7,7,743,9
7,9,131,10
7,11,634,1
7,14,461,5
7,16,598,2
7,18,323,6
8,56,320,3
8,2,368,2
8,4,491,7
8,5,793,4
8,7,661,9
8,8,287,2
8,10,751,10
8,11,77,0
8,18,37,8
8,19,915,8
9,67,793,2
9,78,228,9
9,2,475,8
9,4,514,0
9,9,526,2
9,10,183,9
9,17,224,7
9,18,270,5
9,19,684,3
10,89,939,7
10,3,664,5
10,4,991,8
10,6,759,4
10,9,387,5
10,13,257,6
10,15,415,5
10,17,811,7
10,19,903,2
10,20,235,1
11,89,153,2
11,2,616,1
11,4,338,1
11,7,165,10
11,9,44,2
11,11,644,8
11,13,586,2
11,14,264,2
11,16,992,9
11,22,621,7
13,3,850,6
13,7,675,8
13,8,741,10
13,9,464,9
13,11,394,2
13,13,207,8
13,16,153,9
13,17,487,9
13,22,675,2
14,4,960,10
14,7,44,8
14,8,960,7
14,10,603,9
14,11,137,4
14,14,879,1
14,15,897,8
14,16,193,0
14,20,7,6
14,24,370,1
14,25,667,9
15,4,875,8
15,5,374,9
15,6,696,6
15,8,802,8
15,10,568,7
15,11,314,9
15,13,722,6
15,18,716,2
15,19,520,6
15,25,398,10
15,26,93,2
16,5,614,6
16,6,269,3
16,7,623,0
16,10,671,8
16,11,986,9
16,13,792,2
16,15,206,10
16,18,802,9
16,24,670,0
16,26,282,6
16,27,404,6
17,9,92,8
17,10,849,8
17,13,986,4
17,14,986,3
17,15,413,9
17,16,179,6
17,20,119,8
18,10,471,9
18,14,391,10
18,16,718,3
18,18,361,8
18,21,294,1
18,22,766,5
18,24,953,2
18,26,915,9
18,27,969,10
18,29,754,3
19,8,247,4
19,9,207,3
19,11,797,1
19,13,80,10
19,16,877,8
19,19,322,7
19,24,187,8
19,25,227,9
19,26,538,6
19,30,702,2
20,9,123,8
20,10,705,0
20,11,215,6
20,14,627,4
20,15,269,3
20,16,981,9
20,17,188,7
20,18,429,5
20,19,410,4
20,20,585,2
20,29,819,2
20,30,9,2
20,31,137,10
21,14,575,9
21,15,101,2
21,16,833,4
21,19,342,4
21,20,573,8
21,22,20,6
21,24,888,10
21,26,589,10
21,28,799,4
21,29,689,8
22,11,293,7
22,14,171,10
22,16,646,9
22,19,165,5
22,20,324,10
22,21,273,9
22,24,455,5
22,27,171,2
22,29,240,10
22,30,761,1
22,31,406,1
22,32,959,7
24,13,406,8
24,15,268,9
24,16,670,6
24,17,253,4
24,18,129,2
24,20,35,10
24,21,937,5
24,24,891,8
24,27,971,8
24,28,611,7
24,35,355,7
25,16,374,6
25,17,310,0
25,18,834,2
25,19,480,8
25,20,944,7
25,24,440,4
25,28,903,8
25,29,255,2
25,33,81,6
26,18,664,8
26,20,873,1
26,21,296,1
26,25,637,7
26,26,19,2
26,27,547,0
26,28,104,4
26,29,732,7
26,31,154,0
26,33,319,7
26,36,810,0
26,37,863,2
27,16,794,6
27,17,481,2
27,18,861,4
27,21,786,3
27,22,998,7
27,24,34,3
27,25,789,1
27,28,697,4
27,30,745,0
27,33,492,10
27,35,369,0
27,37,115,3
28,17,171,4
28,19,248,0
28,25,789,1
28,26,511,1
28,28,992,10
28,29,364,10
28,30,549,1
28,31,238,5
28,37,197,0
28,39,137,4
29,20,301,8
29,22,191,8
29,24,749,7
29,25,851,9
29,28,158,7
29,29,269,8
29,30,0,10
29,36,635,3
29,37,64,10
29,40,699,7
30,20,289,5
30,21,329,1
30,22,674,1
30,24,960,2
30,25,32,3
30,26,196,1
30,27,657,6
30,31,375,3
30,33,952,3
30,38,654,0
30,39,761,6
31,20,631,4
31,25,221,8
31,26,742,3
31,28,538,10
31,29,640,2
31,38,106,2
32,29,648,6
32,31,246,9
32,33,563,4
32,35,463,7
32,37,35,4
32,41,307,3
32,42,322,0
33,29,471,5
33,30,271,5
33,32,262,4
33,33,409,9
33,39,845,9
33,41,657,4
33,42,827,9
33,43,798,0
35,24,900,6
35,25,888,1
35,27,668,9
35,31,536,0
35,32,578,2
35,33,714,3
35,35,689,6
35,39,442,4
35,41,344,1
35,42,763,0
35,44,408,8
35,46,714,2
36,27,404,10
36,32,272,6
36,33,946,9
36,35,687,6
36,36,356,3
36,37,608,10
36,38,312,2
36,42,149,7
36,43,837,3
36,44,382,2
37,26,55,3
37,31,710,1
37,32,482,0
37,33,757,8
37,35,559,8
37,42,927,10
37,44,61,4
37,46,713,9
37,47,476,10
38,27,676,4
38,30,110,0
38,31,904,10
38,32,389,8
38,35,323,7
38,38,512,7
38,41,944,8
38,42,501,6
38,44,700,5
38,46,309,3
38,49,63,10
39,28,396,0
39,31,349,6
39,33,391,8
39,38,246,9
39,39,993,4
39,41,555,2
39,42,141,9
39,47,722,8
39,49,930,2
40,30,69,8
40,33,859,2
40,38,421,4
40,39,956,10
40,41,797,3
40,42,189,0
40,46,580,9
40,47,237,3
40,49,704,7
40,50,866,9
40,51,665,5
41,30,396,7
41,31,167,3
41,32,418,0
41,36,687,3
41,38,949,7
41,41,468,3
41,42,794,0
41,47,961,9
42,31,846,0
42,33,550,6
42,36,396,8
42,39,450,6
42,42,170,6
42,43,941,0
42,47,661,7
42,48,512,1
42,49,599,8
42,50,423,5
42,51,183,7
43,32,465,1
43,33,708,10
43,38,116,7
43,40,724,6
43,44,563,6
43,46,174,5
43,49,889,2
43,50,729,0
43,51,316,7
43,52,185,1
44,33,783,4
44,35,509,7
44,37,903,7
44,38,602,10
44,39,419,7
44,40,614,0
44,41,560,4
44,46,151,0
44,48,874,0
44,51,942,1
44,52,426,2
44,53,291,9
46,39,36,1
46,41,919,6
46,46,482,2
46,47,880,4
46,48,423,8
46,49,214,9
46,50,585,10
46,52,741,9
46,55,623,5
46,57,588,9
47,36,132,9
47,41,624,3
47,44,24,7
47,47,868,3
47,50,341,5
47,53,206,4
47,54,69,4
47,55,563,5
47,58,341,5
48,37,582,9
48,40,853,5
48,43,36,10
48,44,159,10
48,46,885,8
48,48,833,6
48,50,533,4
48,54,591,10
48,55,938,5
48,57,152,4
48,59,384,10
49,39,620,6
49,40,119,4
49,42,32,4
49,43,508,3
49,44,849,4
49,46,309,2
49,47,803,0
49,50,25,7
49,52,348,7
49,57,892,1
50,39,741,0
50,40,730,8
50,41,318,0
50,44,478,0
50,46,784,10
50,48,776,4
50,50,205,3
50,51,545,5
50,54,161,4
50,55,981,9
50,58,555,5
50,60,965,4
51,40,318,9
51,43,29,7
51,46,392,0
51,47,401,2
51,52,364,4
51,53,202,10
51,55,944,7
51,58,821,7
51,59,317,10
51,62,970,3
52,41,917,9
52,42,372,6
52,43,939,10
52,44,881,5
52,46,30,1
52,47,359,7
52,48,174,4
52,51,105,6
52,54,665,1
52,58,423,3
52,62,348,3
53,44,806,5
53,47,678,10
53,48,953,9
53,50,610,7
53,51,99,7
53,52,978,6
53,53,111,10
53,57,506,10
53,59,836,2
53,63,150,10
53,64,544,4
54,43,591,7
54,44,697,5
54,46,813,10
54,47,965,6
54,57,922,8
54,59,573,5
54,60,288,0
54,61,719,9
54,62,325,6
54,63,445,8
54,64,177,7
54,65,568,6
55,46,427,2
55,47,893,10
55,48,11,1
55,50,906,7
55,53,140,10
55,61,434,8
55,63,231,2
55,64,7,9
57,47,948,8
57,49,38,9
57,51,594,7
57,53,747,8
57,58,80,8
57,60,483,10
57,63,648,8
57,65,54,5
57,68,464,8
58,49,361,4
58,50,36,9
58,54,484,9
58,55,52,10
58,60,84,2
58,63,135,9
58,64,878,4
58,65,114,9
58,66,605,2
58,69,179,4
59,49,185,8
59,51,86,2
59,57,392,3
59,60,591,5
59,61,270,1
59,62,475,6
59,68,699,6
59,69,148,8
60,49,949,7
60,50,323,8
60,52,939,8
60,55,940,10
60,58,273,1
60,59,598,6
60,60,691,3
60,63,345,10
60,65,560,0
60,69,100,8
60,70,456,5
60,71,290,4
61,50,24,9
61,51,961,9
61,58,876,9
61,59,672,10
61,64,478,10
61,69,437,10
61,71,165,1
61,72,63,6
62,51,61,4
62,53,451,1
62,58,503,1
62,59,787,6
62,60,658,1
62,63,74,1
62,65,456,0
62,68,655,0
62,71,716,5
63,55,864,1
63,58,977,7
63,59,548,5
63,60,310,6
63,61,981,10
63,62,547,5
63,63,470,4
63,65,40,6
63,68,399,1
63,70,86,10
63,71,194,2
63,72,25,9
63,73,398,1
64,59,347,0
64,60,738,0
64,61,216,10
64,63,694,8
64,64,593,3
64,66,144,7
64,69,940,9
64,70,718,10
64,71,176,10
64,72,314,1
64,73,174,9
64,74,837,1
64,75,609,9
65,54,823,3
65,55,830,10
65,57,123,10
65,59,856,3
65,62,123,4
65,63,425,2
65,66,947,9
65,68,102,10
65,71,498,1
65,72,183,1
65,75,710,7
66,55,655,4
66,58,960,2
66,60,184,7
66,62,846,4
66,63,4,8
66,64,120,8
66,71,641,10
66,72,54,3
66,73,152,10
66,77,944,0
68,57,372,4
68,58,257,5
68,61,106,0
68,63,804,0
68,65,916,3
68,69,203,10
68,71,112,5
68,72,242,6
68,74,225,1
68,75,496,0
68,77,950,9
68,79,396,5
69,58,737,3
69,61,130,0
69,63,139,1
69,65,175,5
69,66,302,9
69,68,813,10
69,73,421,8
69,79,747,6
70,59,335,6
70,63,587,0
70,64,45,0
70,69,403,7
70,72,507,3
70,73,771,0
70,75,223,2
70,76,244,10
70,79,685,4
70,80,470,9
71,60,465,7
71,63,808,5
71,66,642,1
71,68,707,5
71,70,770,4
71,74,701,1
71,76,954,0
71,80,52,1
71,81,476,9
71,82,375,2
72,65,342,3
72,75,919,4
72,77,55,1
72,79,463,7
72,82,544,10
73,63,376,10
73,68,913,7
73,69,400,2
73,70,979,1
73,71,282,1
73,77,992,10
73,80,355,6
73,81,660,0
73,82,64,0
73,84,970,8
74,64,351,10
74,66,607,10
74,70,311,9
74,71,808,4
74,72,266,3
74,76,361,4
74,77,170,9
74,81,996,2
74,85,243,1
75,64,324,9
75,65,266,5
75,66,575,0
75,70,459,8
75,73,25,6
75,79,993,8
75,81,722,4
75,82,296,9
76,65,115,7
76,68,564,1
76,69,411,9
76,71,94,5
76,72,656,3
76,74,958,4
76,75,85,8
76,81,502,5
76,84,682,5
76,85,733,6
76,86,381,0
76,87,359,4
77,69,745,7
77,71,453,4
77,72,745,6
77,74,855,9
77,76,310,7
77,80,955,9
77,82,419,10
77,84,569,7
77,87,190,6
77,88,502,0
79,69,599,4
79,72,810,0
79,73,307,10
79,75,669,10
79,77,503,10
79,79,122,4
79,83,492,9
79,84,264,10
79,88,750,9
79,90,265,2
80,70,472,2
80,71,54,4
80,72,651,5
80,73,298,8
80,75,198,10
80,76,96,9
80,83,701,5
80,84,593,5
80,86,530,4
80,87,496,6
80,88,932,2
80,90,158,8
80,91,192,8
81,76,471,1
81,77,134,0
81,80,371,2
81,85,726,4
81,86,834,1
81,87,877,2
81,90,214,2
81,92,781,1
82,71,793,7
82,73,110,0
82,76,121,4
82,77,308,10
82,79,98,1
82,81,922,3
82,82,359,0
82,83,866,4
82,85,164,8
82,90,839,9
83,73,772,8
83,74,742,1
83,79,714,9
83,80,689,1
83,81,363,6
83,82,526,3
83,83,779,5
83,84,112,8
83,85,780,5
83,88,335,7
83,90,290,7
83,92,999,7
83,93,417,4
84,73,877,1
84,77,13,10
84,80,448,8
84,82,146,6
84,83,604,1
84,86,372,3
84,87,609,6
84,88,858,6
84,91,730,9
85,74,682,9
85,79,465,1
85,80,501,7
85,81,965,2
85,82,755,0
85,85,183,6
85,87,310,9
85,94,300,10
86,79,782,0
86,82,460,5
86,84,36,0
86,85,675,4
86,87,441,2
86,88,398,7
86,95,575,2
86,97,506,9
87,79,291,5
87,80,604,0
87,81,375,5
87,86,438,5
87,88,57,10
87,90,240,10
87,91,86,1
87,93,173,0
87,95,673,6
87,98,712,7
88,80,399,5
88,83,691,3
88,84,514,10
88,85,629,4
88,86,446,3
88,93,48,4
88,95,231,9
88,97,864,9
88,98,344,4
88,99,820,8
90,79,214,5
90,82,823,4
90,83,552,5
90,84,411,4
90,86,781,8
90,87,19,10
90,92,985,7
90,93,653,8
90,99,205,5
91,80,246,2
91,84,880,1
91,87,293,10
91,88,703,9
91,90,244,1
91,91,28,3
91,93,497,8
91,95,927,0
91,96,279,2
91,97,808,4
91,99,872,0
92,83,880,1
92,84,305,1
92,86,372,10
92,88,965,2
92,90,584,8
92,96,905,1
92,97,125,5
92,98,598,6
93,84,109,2
93,85,281,7
93,86,883,9
93,87,546,5
93,90,558,6
93,91,252,4
93,94,732,5
93,96,990,9
93,97,757,10
93,99,939,10
94,83,565,6
94,84,981,5
94,88,453,6
94,90,983,6
94,93,958,3
94,94,880,2
94,99,34,4
95,87,422,5
95,95,616,8
95,97,28,0
95,99,454,10
96,85,410,3
96,87,84,1
96,88,528,10
96,94,489,2
96,95,703,9
96,98,424,5
96,99,897,6
97,88,970,0
97,95,718,2
97,96,632,6
97,98,981,5
97,99,580,1
98,87,538,6
98,93,208,3
98,96,764,7
98,97,441,3
99,88,693,3
99,90,418,2
99,91,999,4
99,92,461,3
99,93,700,10
99,94,10,7
99,95,331,6
